,Tanggal,Beras,Beras Kualitas Bawah I (kg),Beras Kualitas Bawah II (kg),Beras Kualitas Medium I (kg),Beras Kualitas Medium II (kg),Beras Kualitas Super I (kg),Beras Kualitas Super II (kg),Tahun,Bulan
2,2020-01-02,11800,10750,10350,11850,11700,13100,12600,2020,1
3,2020-01-03,11850,10900,10400,11900,11750,13150,12650,2020,1
4,2020-01-06,11800,10800,10400,11850,11700,13100,12600,2020,1
5,2020-01-07,11800,10800,10400,11850,11700,13100,12600,2020,1
6,2020-01-08,11800,10800,10400,11850,11700,13100,12600,2020,1
7,2020-01-09,11800,10850,10400,11900,11700,13100,12600,2020,1
8,2020-01-10,11850,10900,10450,11900,11750,13200,12700,2020,1
9,2020-01-13,11800,10800,10400,11850,11700,13150,12600,2020,1
10,2020-01-14,11850,10800,10400,11850,11700,13150,12650,2020,1
11,2020-01-15,11850,10800,10450,11850,11700,13150,12650,2020,1
12,2020-01-16,11850,10800,10450,11900,11700,13150,12650,2020,1
13,2020-01-17,11850,10800,10450,11900,11700,13150,12650,2020,1
14,2020-01-20,11850,10800,10450,11850,11700,13150,12650,2020,1
15,2020-01-21,11850,10800,10450,11850,11700,13150,12650,2020,1
16,2020-01-22,11850,10800,10450,11850,11700,13150,12650,2020,1
17,2020-01-23,11850,10800,10450,11850,11700,13150,12650,2020,1
18,2020-01-24,11850,10800,10450,11850,11700,13150,12650,2020,1
19,2020-01-27,11850,10800,10450,11900,11700,13150,12650,2020,1
20,2020-01-28,11850,10800,10450,11850,11700,13150,12650,2020,1
21,2020-01-29,11850,10800,10450,11900,11700,13100,12650,2020,1
22,2020-01-30,11850,10800,10450,11900,11700,13100,12650,2020,1
23,2020-01-31,11850,10800,10450,11900,11700,13150,12650,2020,1
24,2020-02-03,11850,10800,10450,11900,11700,13100,12600,2020,2
25,2020-02-04,11850,10800,10450,11900,11700,13100,12600,2020,2
26,2020-02-05,11850,10800,10450,11900,11700,13100,12600,2020,2
27,2020-02-06,11850,10800,10450,11950,11700,13100,12600,2020,2
28,2020-02-07,11850,10800,10450,11900,11700,13100,12600,2020,2
29,2020-02-10,11850,10800,10450,11900,11700,13100,12600,2020,2
30,2020-02-11,11850,10800,10450,11900,11700,13100,12650,2020,2
31,2020-02-12,11850,10800,10450,11900,11700,13100,12650,2020,2
32,2020-02-13,11850,10800,10450,11900,11700,13100,12650,2020,2
33,2020-02-14,11900,10900,10500,11950,11750,13150,12700,2020,2
34,2020-02-17,11900,10900,10500,11950,11800,13150,12700,2020,2
35,2020-02-18,11850,10800,10450,11900,11700,13100,12650,2020,2
36,2020-02-19,11850,10800,10450,11900,11700,13150,12650,2020,2
37,2020-02-20,11850,10800,10450,11900,11700,13150,12650,2020,2
38,2020-02-21,11850,10800,10450,11900,11700,13100,12600,2020,2
39,2020-02-24,11850,10800,10450,11900,11700,13100,12650,2020,2
40,2020-02-25,11850,10800,10450,11900,11700,13100,12650,2020,2
41,2020-02-26,11850,10800,10450,11900,11700,13100,12650,2020,2
42,2020-02-27,11850,10850,10450,11900,11750,13150,12700,2020,2
43,2020-02-28,11850,10850,10450,11900,11700,13150,12700,2020,2
44,2020-03-02,11850,10800,10450,11900,11700,13150,12650,2020,3
45,2020-03-03,11850,10800,10450,11900,11700,13150,12650,2020,3
46,2020-03-04,11850,10850,10450,11900,11700,13150,12650,2020,3
47,2020-03-05,11850,10800,10450,11900,11700,13150,12650,2020,3
48,2020-03-06,11850,10800,10450,11900,11700,13150,12650,2020,3
49,2020-03-09,11850,10850,10450,11950,11700,13150,12700,2020,3
50,2020-03-10,11850,10850,10450,11950,11700,13150,12700,2020,3
51,2020-03-11,11850,10850,10450,11950,11700,13150,12700,2020,3
52,2020-03-12,11850,10850,10450,11900,11700,13150,12700,2020,3
53,2020-03-13,11850,10850,10450,11900,11700,13150,12700,2020,3
54,2020-03-16,11850,10850,10450,11900,11700,13150,12700,2020,3
55,2020-03-17,11850,10850,10450,11900,11700,13150,12700,2020,3
56,2020-03-18,11850,10850,10450,11900,11700,13150,12700,2020,3
57,2020-03-19,11850,10850,10450,11900,11700,13150,12700,2020,3
58,2020-03-20,11900,10850,10500,11950,11750,13150,12700,2020,3
59,2020-03-23,11850,10850,10450,11900,11700,13150,12700,2020,3
60,2020-03-24,11850,10850,10450,12000,11750,13150,12700,2020,3
61,2020-03-26,11850,10850,10450,12000,11750,13150,12750,2020,3
62,2020-03-27,11850,10850,10450,11950,11750,13150,12700,2020,3
63,2020-03-30,11900,10850,10500,11950,11750,13150,12700,2020,3
64,2020-03-31,11900,10850,10450,11950,11750,13200,12750,2020,3
65,2020-04-01,11900,10900,10500,12000,11750,13200,12750,2020,4
66,2020-04-02,11900,10900,10500,12000,11800,13200,12750,2020,4
67,2020-04-03,11900,10900,10500,12000,11800,13200,12750,2020,4
68,2020-04-06,11900,10900,10500,12000,11800,13200,12750,2020,4
69,2020-04-07,11900,10900,10500,12000,11800,13200,12750,2020,4
70,2020-04-08,11900,10900,10500,12000,11800,13200,12750,2020,4
71,2020-04-09,11900,10900,10500,12000,11750,13200,12750,2020,4
72,2020-04-13,11900,10900,10500,12000,11750,13150,12750,2020,4
73,2020-04-14,11900,10900,10500,11950,11750,13200,12750,2020,4
74,2020-04-15,11900,10900,10500,12000,11750,13200,12650,2020,4
75,2020-04-16,11950,10900,10500,12000,11750,13200,12750,2020,4
76,2020-04-17,11950,10900,10500,12000,11750,13200,12750,2020,4
77,2020-04-20,11950,10900,10500,12000,11750,13200,12750,2020,4
78,2020-04-21,11950,10900,10500,12000,11750,13200,12750,2020,4
79,2020-04-22,11950,10900,10450,12000,11750,13200,12750,2020,4
80,2020-04-23,11950,10900,10500,12000,11750,13200,12750,2020,4
81,2020-04-24,11950,10900,10500,12000,11750,13200,12750,2020,4
82,2020-04-27,11950,10900,10500,12000,11800,13200,12750,2020,4
83,2020-04-28,11900,10900,10450,12000,11800,13200,12750,2020,4
84,2020-04-29,11900,10900,10450,12000,11800,13200,12700,2020,4
85,2020-04-30,11900,10900,10450,12000,11800,13200,12700,2020,4
86,2020-05-04,11900,10900,10450,12000,11750,13200,12700,2020,5
87,2020-05-05,11900,10900,10450,12000,11750,13150,12700,2020,5
88,2020-05-06,11900,10900,10450,12000,11750,13150,12700,2020,5
89,2020-05-08,11900,10850,10450,12000,11750,13150,12700,2020,5
90,2020-05-11,11900,10850,10450,12000,11750,13150,12700,2020,5
91,2020-05-12,11900,10850,10450,11950,11750,13150,12700,2020,5
92,2020-05-13,11900,10850,10450,12000,11750,13150,12700,2020,5
93,2020-05-14,11900,10850,10450,11950,11750,13150,12700,2020,5
94,2020-05-15,11900,10850,10450,11950,11750,13150,12700,2020,5
95,2020-05-18,11900,10850,10450,12000,11750,13150,12700,2020,5
96,2020-05-19,11900,10850,10450,11950,11750,13150,12700,2020,5
97,2020-05-20,11900,10850,10450,11950,11750,13200,12750,2020,5
98,2020-05-28,11900,10850,10450,11950,11700,13200,12750,2020,5
99,2020-05-29,11900,10850,10450,11950,11750,13200,12750,2020,5
100,2020-06-02,11900,10850,10450,11900,11700,13150,12750,2020,6
101,2020-06-03,11900,10850,10450,11900,11700,13150,12750,2020,6
102,2020-06-04,11900,10850,10450,11900,11700,13150,12750,2020,6
103,2020-06-05,11900,10850,10450,11900,11700,13150,12750,2020,6
104,2020-06-08,11900,10850,10450,11900,11700,13150,12750,2020,6
105,2020-06-09,11850,10850,10450,11900,11700,13150,12700,2020,6
106,2020-06-10,11850,10850,10400,11900,11700,13150,12700,2020,6
107,2020-06-11,11850,10850,10400,11900,11700,13150,12700,2020,6
108,2020-06-12,11850,10850,10400,11900,11700,13150,12700,2020,6
109,2020-06-15,11850,10850,10450,11900,11700,13150,12700,2020,6
110,2020-06-16,11850,10850,10400,11900,11700,13150,12700,2020,6
111,2020-06-17,11850,10850,10400,11850,11700,13100,12700,2020,6
112,2020-06-18,11850,10800,10400,11900,11650,13150,12700,2020,6
113,2020-06-19,11850,10800,10400,11850,11650,13150,12700,2020,6
114,2020-06-22,11850,10800,10400,11850,11650,13150,12700,2020,6
115,2020-06-23,11850,10800,10400,11850,11650,13150,12700,2020,6
116,2020-06-24,11850,10800,10400,11850,11650,13150,12700,2020,6
117,2020-06-25,11850,10800,10400,11850,11650,13150,12700,2020,6
118,2020-06-26,11850,10800,10400,11850,11650,13150,12700,2020,6
119,2020-06-29,11850,10800,10400,11850,11650,13150,12700,2020,6
120,2020-06-30,11850,10800,10400,11850,11650,13150,12700,2020,6
121,2020-07-01,11850,10800,10400,11850,11650,13150,12700,2020,7
122,2020-07-02,11850,10800,10400,11850,11650,13150,12700,2020,7
123,2020-07-03,11850,10800,10400,11850,11650,13150,12700,2020,7
124,2020-07-06,11850,10800,10400,11850,11650,13150,12700,2020,7
125,2020-07-07,11850,10800,10400,11850,11650,13150,12700,2020,7
126,2020-07-08,11850,10800,10400,11900,11700,13200,12700,2020,7
127,2020-07-09,11850,10800,10400,11850,11650,13150,12700,2020,7
128,2020-07-10,11850,10800,10400,11850,11700,13150,12700,2020,7
129,2020-07-13,11850,10800,10450,11900,11650,13150,12750,2020,7
130,2020-07-14,12000,10800,10450,11850,11650,13150,13600,2020,7
131,2020-07-15,11850,10800,10400,11850,11650,13150,12750,2020,7
132,2020-07-16,11850,10800,10400,11850,11650,13150,12750,2020,7
133,2020-07-17,11850,10800,10400,11850,11650,13150,12750,2020,7
134,2020-07-20,11850,10800,10400,11900,11650,13150,12750,2020,7
135,2020-07-21,11850,10800,10400,11850,11650,13150,12750,2020,7
136,2020-07-22,11850,10800,10400,11850,11650,13150,12750,2020,7
137,2020-07-23,11850,10800,10400,11850,11650,13150,12750,2020,7
138,2020-07-24,11850,10800,10400,11850,11650,13150,12750,2020,7
139,2020-07-27,11850,10800,10450,11850,11650,13150,12750,2020,7
140,2020-07-28,11850,10800,10450,11850,11650,13150,12750,2020,7
141,2020-07-29,11850,10800,10350,11850,11650,13150,12750,2020,7
142,2020-07-30,11850,10800,10450,11850,11650,13150,12750,2020,7
143,2020-08-03,11850,10800,10400,11850,11650,13150,12750,2020,8
144,2020-08-04,11850,10800,10400,11850,11650,13150,12750,2020,8
145,2020-08-05,11850,10800,10400,11850,11650,13150,12750,2020,8
146,2020-08-06,11850,10850,10450,11900,11650,13200,12750,2020,8
147,2020-08-07,11850,10800,10350,11900,11650,13150,12750,2020,8
148,2020-08-10,11850,10800,10400,11900,11650,13150,12750,2020,8
149,2020-08-11,11850,10800,10450,11900,11650,13150,12750,2020,8
150,2020-08-12,11850,10800,10450,11900,11650,13150,12750,2020,8
151,2020-08-13,11850,10800,10450,11900,11650,13150,12750,2020,8
152,2020-08-14,11850,10800,10450,11900,11650,13150,12750,2020,8
153,2020-08-18,11850,10800,10450,11900,11650,13150,12750,2020,8
154,2020-08-19,11850,10800,10450,11900,11650,13150,12750,2020,8
155,2020-08-24,11850,10800,10450,11850,11650,13150,12750,2020,8
156,2020-08-25,11850,10800,10450,11850,11650,13150,12750,2020,8
157,2020-08-26,11850,10800,10450,11850,11650,13150,12750,2020,8
158,2020-08-27,11850,10800,10450,11850,11650,13150,12750,2020,8
159,2020-08-28,11850,10800,10450,11850,11650,13100,12750,2020,8
160,2020-08-31,11850,10800,10450,11850,11650,13100,12750,2020,8
161,2020-09-01,11850,10800,10400,11850,11650,13100,12750,2020,9
162,2020-09-02,11800,10750,10400,11850,11650,13100,12700,2020,9
163,2020-09-03,11850,10750,10400,11900,11650,13100,12700,2020,9
164,2020-09-04,11800,10750,10400,11850,11650,13100,12700,2020,9
165,2020-09-07,11800,10750,10400,11850,11650,13100,12700,2020,9
166,2020-09-08,11800,10750,10400,11850,11650,13100,12700,2020,9
167,2020-09-09,11800,10750,10400,11850,11650,13100,12700,2020,9
168,2020-09-10,11800,10750,10400,11850,11650,13100,12700,2020,9
169,2020-09-11,11800,10750,10400,11850,11650,13100,12700,2020,9
170,2020-09-14,11800,10750,10400,11850,11650,13100,12700,2020,9
171,2020-09-15,11800,10750,10400,11850,11650,13100,12700,2020,9
172,2020-09-16,11800,10750,10400,11850,11650,13100,12700,2020,9
173,2020-09-17,11800,10750,10400,11850,11650,13100,12700,2020,9
174,2020-09-18,11800,10750,10400,11850,11650,13100,12700,2020,9
175,2020-09-21,11800,10750,10400,11850,11650,13100,12700,2020,9
176,2020-09-22,11800,10750,10400,11850,11650,13100,12700,2020,9
177,2020-09-23,11800,10750,10400,11850,11650,13100,12700,2020,9
178,2020-09-24,11800,10750,10400,11850,11650,13100,12700,2020,9
179,2020-09-25,11800,10750,10400,11850,11600,13100,12700,2020,9
180,2020-09-28,11800,10750,10400,11850,11600,13100,12700,2020,9
181,2020-09-29,11800,10750,10400,11850,11600,13100,12700,2020,9
182,2020-09-30,11800,10750,10400,11850,11650,13100,12700,2020,9
183,2020-10-01,11800,10750,10400,11850,11650,13100,12700,2020,10
184,2020-10-02,11800,10750,10400,11850,11650,13100,12700,2020,10
185,2020-10-05,11800,10750,10400,11850,11650,13100,12700,2020,10
186,2020-10-06,11800,10750,10400,11850,11650,13100,12700,2020,10
187,2020-10-07,11800,10750,10400,11850,11650,13100,12700,2020,10
188,2020-10-08,11800,10750,10400,11850,11650,13100,12700,2020,10
189,2020-10-09,11800,10750,10400,11850,11650,13100,12700,2020,10
190,2020-10-12,11800,10750,10400,11850,11650,13100,12700,2020,10
191,2020-10-13,11800,10800,10400,11850,11650,13100,12700,2020,10
192,2020-10-14,11800,10800,10400,11850,11650,13100,12700,2020,10
193,2020-10-15,11800,10800,10400,11850,11650,13100,12700,2020,10
194,2020-10-16,11800,10750,10400,11850,11650,13100,12700,2020,10
195,2020-10-19,11800,10750,10400,11850,11650,13100,12700,2020,10
196,2020-10-20,11800,10750,10400,11850,11650,13100,12700,2020,10
197,2020-10-21,11800,10750,10400,11850,11600,13100,12750,2020,10
198,2020-10-22,11800,10750,10400,11850,11600,13100,12650,2020,10
199,2020-10-23,11800,10750,10400,11850,11600,13100,12650,2020,10
200,2020-10-26,11800,10750,10400,11850,11600,13100,12650,2020,10
201,2020-10-27,11800,10750,10400,11850,11600,13100,12650,2020,10
202,2020-11-02,11800,10750,10400,11850,11600,13100,12650,2020,11
203,2020-11-03,11800,10750,10400,11850,11600,13100,12650,2020,11
204,2020-11-04,11800,10800,10400,11850,11650,13100,12650,2020,11
205,2020-11-05,11800,10800,10400,11850,11650,13100,12650,2020,11
206,2020-11-06,11800,10800,10400,11850,11650,13100,12650,2020,11
207,2020-11-09,11800,10800,10400,11850,11650,13100,12650,2020,11
208,2020-11-10,11800,10800,10400,11850,11650,13100,12650,2020,11
209,2020-11-11,11800,10800,10400,11850,11650,13100,12650,2020,11
210,2020-11-12,11800,10750,10400,11850,11650,13100,12650,2020,11
211,2020-11-13,11800,10750,10400,11850,11650,13100,12650,2020,11
212,2020-11-16,11800,10750,10400,11850,11650,13050,12650,2020,11
213,2020-11-17,11800,10750,10400,11850,11650,13050,12650,2020,11
214,2020-11-18,11800,10750,10400,11850,11650,13050,12650,2020,11
215,2020-11-19,11800,10750,10400,11850,11650,13050,12650,2020,11
216,2020-11-20,11800,10750,10350,11850,11650,13100,12650,2020,11
217,2020-11-23,11800,10750,10400,11850,11650,13050,12650,2020,11
218,2020-11-24,11800,10750,10400,11850,11650,13050,12650,2020,11
219,2020-11-25,11800,10750,10400,11850,11650,13050,12650,2020,11
220,2020-11-26,11800,10750,10400,11850,11600,13050,12650,2020,11
221,2020-11-27,11800,10750,10400,11850,11600,13050,12650,2020,11
222,2020-11-30,11800,10750,10400,11850,11600,13050,12650,2020,11
223,2020-12-01,11800,10750,10400,11850,11600,13050,12650,2020,12
224,2020-12-02,11800,10750,10400,11850,11600,13050,12650,2020,12
225,2020-12-03,11800,10750,10400,11850,11600,13050,12650,2020,12
226,2020-12-04,11800,10750,10400,11850,11600,13050,12650,2020,12
227,2020-12-07,11800,10750,10400,11850,11600,13050,12650,2020,12
228,2020-12-08,11800,10750,10400,11850,11600,13050,12650,2020,12
229,2020-12-10,11800,10750,10400,11850,11600,13050,12650,2020,12
230,2020-12-11,11800,10750,10400,11850,11600,13050,12650,2020,12
231,2020-12-14,11800,10750,10400,11850,11600,13050,12650,2020,12
232,2020-12-15,11800,10750,10400,11850,11600,13100,12650,2020,12
233,2020-12-16,11800,10750,10400,11850,11600,13100,12650,2020,12
234,2020-12-17,11800,10750,10400,11850,11600,13100,12650,2020,12
235,2020-12-18,11800,10750,10400,11850,11600,13100,12650,2020,12
236,2020-12-21,11800,10750,10400,11800,11600,13100,12650,2020,12
237,2020-12-22,11800,10750,10400,11800,11600,13100,12700,2020,12
238,2020-12-23,11800,10750,10400,11800,11600,13100,12700,2020,12
239,2020-12-28,11800,10750,10400,11800,11650,13100,12700,2020,12
240,2020-12-29,11800,10750,10400,11800,11600,13100,12700,2020,12
241,2020-12-30,11800,10750,10400,11800,11600,13100,12700,2020,12
2,2021-01-04,11800,10750,10400,11800,11650,13100,12700,2021,1
3,2021-01-05,11800,10850,10450,11800,11600,13050,12750,2021,1
4,2021-01-06,11800,10800,10450,11850,11650,13100,12750,2021,1
5,2021-01-07,11800,10800,10450,11800,11650,13100,12750,2021,1
6,2021-01-08,11800,10800,10450,11800,11650,13100,12750,2021,1
7,2021-01-11,11800,10800,10450,11800,11650,13100,12750,2021,1
8,2021-01-12,11800,10800,10450,11800,11650,13100,12750,2021,1
9,2021-01-13,11800,10800,10450,11800,11600,13100,12750,2021,1
10,2021-01-14,11800,10800,10450,11800,11600,13100,12750,2021,1
11,2021-01-15,11800,10800,10450,11800,11600,13100,12750,2021,1
12,2021-01-18,11800,10800,10500,11850,11650,13100,12700,2021,1
13,2021-01-19,11800,10800,10500,11800,11600,13100,12700,2021,1
14,2021-01-20,11800,10800,10500,11800,11650,13100,12700,2021,1
15,2021-01-21,11800,10800,10500,11800,11600,13100,12700,2021,1
16,2021-01-22,11800,10800,10500,11800,11650,13100,12700,2021,1
17,2021-01-25,11800,10800,10500,11800,11650,13100,12700,2021,1
18,2021-01-26,11800,10800,10500,11800,11650,13100,12700,2021,1
19,2021-01-27,11800,10800,10500,11800,11650,13150,12700,2021,1
20,2021-01-28,11800,10800,10500,11800,11600,13100,12700,2021,1
21,2021-01-29,11850,10800,10500,11850,11650,13150,12750,2021,1
22,2021-02-01,11800,10850,10500,11800,11600,13100,12700,2021,2
23,2021-02-02,11800,10850,10500,11800,11600,13100,12700,2021,2
24,2021-02-03,11800,10850,10500,11800,11600,13100,12700,2021,2
25,2021-02-04,11800,10850,10500,11800,11600,13100,12700,2021,2
26,2021-02-05,11800,10850,10550,11800,11600,13100,12700,2021,2
27,2021-02-08,11800,10800,10550,11800,11600,13100,12700,2021,2
28,2021-02-09,11800,10800,10550,11800,11600,13100,12700,2021,2
29,2021-02-10,11800,10800,10550,11800,11600,13100,12700,2021,2
30,2021-02-11,11800,10800,10500,11800,11600,13100,12700,2021,2
31,2021-02-15,11800,10800,10500,11800,11600,13100,12700,2021,2
32,2021-02-16,11800,10800,10500,11800,11600,13100,12700,2021,2
33,2021-02-17,11800,10800,10450,11800,11600,13100,12700,2021,2
34,2021-02-18,11800,10750,10500,11800,11600,13100,12700,2021,2
35,2021-02-19,11800,10800,10500,11800,11600,13100,12700,2021,2
36,2021-02-22,11800,10800,10500,11800,11600,13100,12700,2021,2
37,2021-02-23,11800,10800,10500,11800,11600,13100,12700,2021,2
38,2021-02-24,11800,10800,10500,11850,11600,13100,12700,2021,2
39,2021-02-25,11800,10800,10500,11800,11600,13100,12700,2021,2
40,2021-02-26,11800,10800,10500,11800,11600,13100,12700,2021,2
41,2021-03-01,11800,10800,10500,11800,11600,13100,12750,2021,3
42,2021-03-02,11800,10800,10500,11800,11600,13100,12750,2021,3
43,2021-03-03,11800,10800,10500,11800,11600,13100,12750,2021,3
44,2021-03-04,11800,10800,10500,11800,11600,13100,12750,2021,3
45,2021-03-05,11800,10800,10500,11850,11600,13100,12750,2021,3
46,2021-03-08,11800,10800,10500,11800,11600,13100,12700,2021,3
47,2021-03-09,11800,10800,10500,11800,11600,13100,12700,2021,3
48,2021-03-10,11800,10800,10500,11800,11600,13100,12700,2021,3
49,2021-03-12,11800,10800,10500,11850,11650,13100,12750,2021,3
50,2021-03-15,11800,10800,10500,11800,11600,13100,12750,2021,3
51,2021-03-16,11800,10800,10500,11800,11600,13100,12750,2021,3
52,2021-03-17,11800,10800,10500,11800,11600,13100,12700,2021,3
53,2021-03-18,11850,11300,10500,11800,11600,13100,12700,2021,3
54,2021-03-19,11800,10800,10500,11800,11600,13100,12700,2021,3
55,2021-03-22,11800,10800,10450,11800,11600,13100,12700,2021,3
56,2021-03-23,11800,10750,10450,11800,11600,13100,12700,2021,3
57,2021-03-24,11800,10800,10500,11800,11600,13100,12700,2021,3
58,2021-03-25,11800,10800,10450,11800,11600,13100,12700,2021,3
59,2021-03-26,11800,10800,10450,11800,11600,13100,12700,2021,3
60,2021-03-29,11800,10800,10450,11800,11600,13050,12700,2021,3
61,2021-03-30,11800,10750,10450,11800,11550,13100,12700,2021,3
62,2021-03-31,11800,10800,10450,11800,11550,13050,12700,2021,3
63,2021-04-01,11800,10750,10450,11800,11600,13050,12700,2021,4
64,2021-04-05,11800,10750,10450,11800,11600,13050,12700,2021,4
65,2021-04-06,11800,10750,10450,11800,11600,13050,12700,2021,4
66,2021-04-07,11800,10750,10450,11800,11600,13050,12700,2021,4
67,2021-04-08,11800,10750,10450,11800,11600,13100,12700,2021,4
68,2021-04-09,11800,10750,10450,11800,11600,13050,12700,2021,4
69,2021-04-12,11800,10750,10450,11800,11600,13050,12700,2021,4
70,2021-04-13,11800,10750,10450,11800,11600,13050,12700,2021,4
71,2021-04-14,11800,10750,10450,11800,11600,13050,12700,2021,4
72,2021-04-15,11800,10750,10450,11800,11600,13050,12700,2021,4
73,2021-04-16,11800,10750,10450,11800,11600,13050,12700,2021,4
74,2021-04-19,11800,10750,10450,11800,11600,13050,12700,2021,4
75,2021-04-20,11750,10750,10450,11800,11600,13050,12700,2021,4
76,2021-04-21,11750,10750,10450,11800,11600,13050,12650,2021,4
77,2021-04-22,11850,10750,10450,11800,11600,13050,13000,2021,4
78,2021-04-23,11750,10750,10450,11800,11600,13050,12650,2021,4
79,2021-04-26,11750,10750,10450,11800,11600,13050,12700,2021,4
80,2021-04-27,11750,10750,10450,11800,11600,13050,12650,2021,4
81,2021-04-28,11750,10750,10450,11800,11600,13050,12650,2021,4
82,2021-04-29,11750,10750,10400,11750,11600,13050,12650,2021,4
83,2021-04-30,11750,10750,10400,11800,11550,13050,12650,2021,4
84,2021-05-03,11750,10750,10400,11800,11550,13050,12700,2021,5
85,2021-05-04,11750,10750,10400,11800,11550,13050,12650,2021,5
86,2021-05-05,11750,10750,10400,11800,11550,13050,12650,2021,5
87,2021-05-06,11750,10750,10400,11800,11550,13050,12650,2021,5
88,2021-05-07,11750,10750,10400,11800,11550,13050,12650,2021,5
89,2021-05-10,11750,10700,10400,11750,11550,13050,12650,2021,5
90,2021-05-11,11750,10700,10400,11750,11550,13050,12650,2021,5
91,2021-05-17,11750,10700,10400,11750,11550,13050,12650,2021,5
92,2021-05-18,11750,10700,10400,11750,11550,13050,12650,2021,5
93,2021-05-19,11750,10750,10400,11800,11550,13100,12650,2021,5
94,2021-05-20,11750,10700,10400,11800,11550,13050,12650,2021,5
95,2021-05-21,11750,10700,10400,11800,11550,13050,12650,2021,5
96,2021-05-24,11750,10700,10400,11800,11550,13050,12650,2021,5
97,2021-05-25,11750,10700,10400,11800,11550,13050,12650,2021,5
98,2021-05-27,11750,10700,10400,11750,11550,13050,12650,2021,5
99,2021-05-28,11750,10700,10400,11800,11550,13050,12650,2021,5
100,2021-05-31,11750,10700,10350,11750,11550,13050,12650,2021,5
101,2021-06-02,11750,10700,10350,11750,11550,13050,12650,2021,6
102,2021-06-03,11750,10700,10350,11750,11550,13050,12650,2021,6
103,2021-06-04,11750,10700,10350,11750,11550,13050,12650,2021,6
104,2021-06-07,11750,10700,10350,11750,11550,13050,12650,2021,6
105,2021-06-08,11750,10700,10350,11750,11550,13050,12650,2021,6
106,2021-06-09,11750,10700,10350,11750,11550,13050,12650,2021,6
107,2021-06-10,11700,10700,10350,11750,11550,13050,12650,2021,6
108,2021-06-11,11700,10700,10350,11750,11550,13050,12650,2021,6
109,2021-06-14,11750,10700,10350,11750,11550,13050,12650,2021,6
110,2021-06-15,11750,10700,10350,11750,11550,13050,12650,2021,6
111,2021-06-16,11750,10700,10350,11750,11550,13050,12650,2021,6
112,2021-06-17,11750,10700,10350,11750,11550,13050,12650,2021,6
113,2021-06-18,11750,10700,10350,11750,11550,13050,12650,2021,6
114,2021-06-21,11750,10700,10350,11750,11550,13050,12650,2021,6
115,2021-06-22,11750,10700,10350,11750,11550,13050,12650,2021,6
116,2021-06-23,11750,10700,10350,11750,11550,13050,12650,2021,6
117,2021-06-24,11750,10700,10350,11750,11550,13050,12650,2021,6
118,2021-06-25,11750,10700,10350,11750,11550,13050,12650,2021,6
119,2021-06-28,11750,10700,10350,11750,11550,13050,12650,2021,6
120,2021-06-29,11750,10700,10350,11750,11550,13050,12650,2021,6
121,2021-06-30,11700,10700,10350,11750,11550,13050,12650,2021,6
122,2021-07-01,11750,10700,10350,11750,11600,13050,12650,2021,7
123,2021-07-02,11700,10700,10350,11750,11550,13050,12650,2021,7
124,2021-07-05,11700,10700,10350,11750,11550,13050,12650,2021,7
125,2021-07-06,11750,10700,10350,11750,11550,13050,12650,2021,7
126,2021-07-07,11700,10700,10350,11750,11550,13050,12650,2021,7
127,2021-07-08,11700,10700,10350,11750,11550,13050,12650,2021,7
128,2021-07-09,11700,10700,10350,11750,11550,13050,12650,2021,7
129,2021-07-12,11700,10650,10350,11750,11550,13050,12600,2021,7
130,2021-07-13,11700,10700,10350,11750,11550,13000,12600,2021,7
131,2021-07-14,11700,10650,10350,11750,11500,13000,12600,2021,7
132,2021-07-15,11700,10650,10350,11700,11500,13000,12600,2021,7
133,2021-07-16,11700,10650,10350,11700,11500,13000,12600,2021,7
134,2021-07-19,11700,10650,10350,11700,11550,13000,12600,2021,7
135,2021-07-21,11700,10650,10350,11700,11500,13000,12600,2021,7
136,2021-07-22,11700,10650,10350,11700,11500,13000,12600,2021,7
137,2021-07-23,11700,10650,10350,11700,11500,13000,12600,2021,7
138,2021-07-26,11700,10650,10300,11700,11500,13000,12600,2021,7
139,2021-07-27,11700,10650,10300,11700,11500,13000,12600,2021,7
140,2021-07-28,11750,10650,10300,11700,11500,13500,12600,2021,7
141,2021-07-29,11700,10650,10300,11700,11500,13000,12600,2021,7
142,2021-07-30,11700,10650,10300,11700,11500,13000,12600,2021,7
143,2021-08-02,11700,10650,10300,11700,11500,13000,12600,2021,8
144,2021-08-03,11700,10650,10300,11700,11500,13000,12600,2021,8
145,2021-08-04,11700,10650,10300,11700,11500,13000,12600,2021,8
146,2021-08-05,11700,10650,10300,11700,11500,13000,12600,2021,8
147,2021-08-06,11700,10650,10300,11700,11500,13000,12600,2021,8
148,2021-08-09,11700,10650,10300,11700,11500,13000,12600,2021,8
149,2021-08-10,11700,10650,10300,11700,11500,13000,12600,2021,8
150,2021-08-12,11700,10650,10300,11700,11500,13000,12600,2021,8
151,2021-08-13,11700,10650,10300,11700,11500,13000,12600,2021,8
152,2021-08-16,11700,10650,10300,11700,11500,13000,12600,2021,8
153,2021-08-18,11700,10650,10300,11700,11500,13000,12600,2021,8
154,2021-08-19,11650,10650,10300,11700,11450,13000,12600,2021,8
155,2021-08-20,11650,10650,10300,11700,11500,13000,12600,2021,8
156,2021-08-23,11650,10650,10300,11700,11500,13000,12600,2021,8
157,2021-08-24,11650,10650,10300,11700,11500,13000,12600,2021,8
158,2021-08-25,11650,10650,10300,11700,11500,13000,12600,2021,8
159,2021-08-26,11650,10650,10300,11700,11500,13000,12600,2021,8
160,2021-08-27,11650,10650,10300,11700,11500,12950,12600,2021,8
161,2021-08-30,11650,10650,10300,11700,11500,12950,12600,2021,8
162,2021-08-31,11650,10650,10300,11700,11500,12950,12600,2021,8
163,2021-09-01,11650,10650,10300,11700,11500,12950,12600,2021,9
164,2021-09-02,11650,10650,10300,11700,11500,12950,12600,2021,9
165,2021-09-03,11650,10650,10300,11700,11450,12950,12600,2021,9
166,2021-09-06,11650,10650,10350,11700,11500,13000,12550,2021,9
167,2021-09-07,11650,10650,10350,11700,11500,13000,12550,2021,9
168,2021-09-08,11700,10650,10300,11700,11500,13000,12550,2021,9
169,2021-09-09,11700,10650,10350,11700,11500,13000,12550,2021,9
170,2021-09-10,11650,10650,10350,11650,11500,13000,12550,2021,9
171,2021-09-13,11650,10650,10300,11700,11500,13000,12550,2021,9
172,2021-09-14,11650,10650,10350,11700,11500,13000,12550,2021,9
173,2021-09-15,11650,10650,10300,11700,11500,13000,12550,2021,9
174,2021-09-16,11650,10650,10300,11700,11450,13000,12550,2021,9
175,2021-09-17,11650,10650,10300,11700,11450,13000,12550,2021,9
176,2021-09-20,11650,10650,10300,11700,11450,13000,12550,2021,9
177,2021-09-21,11650,10650,10300,11700,11450,13000,12550,2021,9
178,2021-09-22,11650,10650,10300,11700,11450,12950,12550,2021,9
179,2021-09-23,11650,10650,10300,11700,11450,12950,12550,2021,9
180,2021-09-24,11650,10650,10300,11700,11500,13000,12550,2021,9
181,2021-09-27,11650,10650,10300,11700,11500,13000,12550,2021,9
182,2021-09-28,11650,10650,10300,11700,11450,12950,12550,2021,9
183,2021-09-29,11650,10650,10300,11700,11450,12950,12550,2021,9
184,2021-09-30,11650,10650,10300,11700,11450,12950,12550,2021,9
185,2021-10-01,11650,10650,10300,11700,11450,12950,12550,2021,10
186,2021-10-04,11650,10650,10300,11700,11450,12950,12550,2021,10
187,2021-10-05,11650,10650,10300,11700,11450,12950,12550,2021,10
188,2021-10-06,11650,10650,10350,11700,11450,12950,12550,2021,10
189,2021-10-07,11650,10650,10350,11700,11450,12950,12550,2021,10
190,2021-10-08,11650,10650,10300,11700,11450,12950,12550,2021,10
191,2021-10-11,11650,10650,10300,11700,11450,12950,12550,2021,10
192,2021-10-12,11650,10650,10350,11700,11450,12950,12550,2021,10
193,2021-10-13,11650,10650,10350,11700,11450,12950,12550,2021,10
194,2021-10-14,11650,10650,10350,11700,11450,13000,12550,2021,10
195,2021-10-15,11650,10650,10350,11700,11450,13000,12550,2021,10
196,2021-10-18,11650,10650,10350,11700,11450,12950,12550,2021,10
197,2021-10-19,11650,10650,10350,11700,11450,13000,12550,2021,10
198,2021-10-21,11650,10650,10350,11700,11450,12950,12550,2021,10
199,2021-10-22,11650,10650,10350,11700,11450,12950,12550,2021,10
200,2021-10-25,11650,10650,10300,11700,11450,12950,12550,2021,10
201,2021-10-26,11650,10650,10350,11700,11450,13000,12550,2021,10
202,2021-10-27,11650,10650,10300,11700,11450,12950,12550,2021,10
203,2021-10-28,11650,10650,10300,11700,11450,12950,12550,2021,10
204,2021-10-29,11650,10650,10350,11700,11450,12950,12550,2021,10
205,2021-11-01,11650,10650,10350,11700,11450,13000,12550,2021,11
206,2021-11-02,11650,10650,10350,11700,11500,12950,12550,2021,11
207,2021-11-03,11650,10650,10350,11700,11450,12950,12550,2021,11
208,2021-11-04,11650,10650,10350,11700,11450,12950,12550,2021,11
209,2021-11-05,11650,10650,10350,11700,11450,12950,12550,2021,11
210,2021-11-08,11650,10650,10300,11650,11450,12950,12550,2021,11
211,2021-11-09,11650,10650,10350,11700,11450,12950,12550,2021,11
212,2021-11-10,11700,10650,10350,11750,11500,13000,12600,2021,11
213,2021-11-11,11650,10650,10350,11700,11450,12950,12550,2021,11
214,2021-11-12,11650,10650,10350,11700,11450,12950,12550,2021,11
215,2021-11-15,11650,10650,10350,11700,11450,12950,12550,2021,11
216,2021-11-16,11650,10650,10350,11650,11450,12950,12550,2021,11
217,2021-11-17,11650,10650,10350,11650,11450,12950,12550,2021,11
218,2021-11-18,11650,10650,10350,11700,11450,12950,12550,2021,11
219,2021-11-19,11650,10650,10350,11700,11450,12950,12550,2021,11
220,2021-11-22,11650,10650,10350,11700,11450,12950,12550,2021,11
221,2021-11-23,11650,10650,10350,11700,11450,12950,12550,2021,11
222,2021-11-24,11650,10650,10350,11700,11450,12950,12550,2021,11
223,2021-11-25,11650,10650,10350,11700,11450,12950,12550,2021,11
224,2021-11-26,11650,10650,10350,11700,11450,12950,12550,2021,11
225,2021-11-29,11650,10650,10350,11700,11450,12950,12550,2021,11
226,2021-11-30,11650,10650,10350,11700,11450,12950,12550,2021,11
227,2021-12-01,11650,10650,10350,11700,11450,12950,12550,2021,12
228,2021-12-02,11650,10650,10350,11700,11450,12950,12550,2021,12
229,2021-12-03,11650,10650,10350,11700,11450,12950,12550,2021,12
230,2021-12-06,11650,10650,10350,11700,11450,12950,12550,2021,12
231,2021-12-07,11650,10650,10350,11700,11450,12950,12550,2021,12
232,2021-12-08,11650,10650,10350,11700,11450,12950,12550,2021,12
233,2021-12-09,11650,10650,10350,11700,11500,12950,12550,2021,12
234,2021-12-10,11650,10650,10400,11700,11500,12950,12550,2021,12
235,2021-12-13,11650,10650,10400,11700,11500,12950,12550,2021,12
236,2021-12-14,11700,10700,10400,11700,11500,13000,12550,2021,12
237,2021-12-15,11700,10700,10400,11700,11500,13000,12550,2021,12
238,2021-12-16,11700,10700,10400,11700,11500,13000,12600,2021,12
239,2021-12-17,11700,10650,10400,11700,11500,13000,12550,2021,12
240,2021-12-20,11650,10600,10300,11650,11500,12950,12500,2021,12
241,2021-12-21,11650,10600,10300,11650,11500,12850,12450,2021,12
242,2021-12-22,11600,10550,10250,11600,11450,12900,12450,2021,12
243,2021-12-23,11650,11000,10250,11600,11450,12900,12450,2021,12
244,2021-12-24,11600,10550,10250,11600,11450,12900,12450,2021,12
245,2021-12-27,11700,10700,10400,11750,11550,13000,12600,2021,12
246,2021-12-28,11700,10700,10450,11750,11550,13050,12600,2021,12
247,2021-12-29,11750,10700,10450,11750,11550,13050,12600,2021,12
248,2021-12-30,11750,10700,10450,11750,11550,13050,12600,2021,12
249,2021-12-31,11750,10700,10450,11750,11550,13050,12600,2021,12
2,2022-01-03,11750,10750,10400,11750,11550,13050,12600,2022,1
3,2022-01-04,11750,10750,10450,11750,11550,13050,12600,2022,1
4,2022-01-05,11750,10700,10400,11750,11550,13050,12600,2022,1
5,2022-01-06,11750,10700,10400,11750,11550,13050,12600,2022,1
6,2022-01-07,11750,10700,10400,11750,11550,13050,12600,2022,1
7,2022-01-10,11700,10700,10400,11700,11500,13050,12600,2022,1
8,2022-01-11,11750,10750,10400,11750,11550,13050,12600,2022,1
9,2022-01-12,11750,10750,10450,11750,11600,13050,12600,2022,1
10,2022-01-13,11750,10750,10450,11750,11600,13050,12650,2022,1
11,2022-01-14,11750,10750,10450,11800,11600,13050,12650,2022,1
12,2022-01-17,11750,10750,10450,11800,11600,13100,12650,2022,1
13,2022-01-18,11800,10750,10450,11800,11600,13100,12650,2022,1
14,2022-01-19,11800,10750,10450,11800,11600,13100,12650,2022,1
15,2022-01-20,11800,10750,10450,11800,11600,13100,12650,2022,1
16,2022-01-21,11800,10750,10450,11800,11600,13100,12650,2022,1
17,2022-01-24,11800,10750,10450,11800,11600,13100,12650,2022,1
18,2022-01-25,11800,10750,10450,11800,11600,13100,12650,2022,1
19,2022-01-26,11800,10750,10450,11800,11600,13100,12650,2022,1
20,2022-01-27,11800,10750,10450,11800,11600,13200,12650,2022,1
21,2022-01-28,11800,10750,10450,11800,11600,13100,12650,2022,1
22,2022-01-31,11800,10750,10450,11800,11600,13100,12650,2022,1
23,2022-02-02,11800,10750,10500,11800,11600,13100,12650,2022,2
24,2022-02-03,11800,10750,10500,11800,11600,13100,12650,2022,2
25,2022-02-04,11800,10750,10500,11800,11600,13100,12650,2022,2
26,2022-02-07,11800,10750,10500,11800,11600,13100,12650,2022,2
27,2022-02-08,11800,10750,10500,11800,11600,13100,12650,2022,2
28,2022-02-09,11800,10750,10500,11800,11600,13100,12650,2022,2
29,2022-02-10,11800,10750,10500,11800,11600,13100,12650,2022,2
30,2022-02-11,11800,10750,10500,11800,11600,13100,12650,2022,2
31,2022-02-14,11800,10750,10500,11800,11600,13100,12650,2022,2
32,2022-02-15,11800,10750,10500,11800,11600,13100,12650,2022,2
33,2022-02-16,11800,10750,10500,11800,11600,13100,12650,2022,2
34,2022-02-17,11800,10750,10450,11850,11600,13100,12650,2022,2
35,2022-02-18,11800,10750,10500,11800,11600,13100,12650,2022,2
36,2022-02-21,11800,10750,10500,11800,11600,13100,12700,2022,2
37,2022-02-22,11800,10750,10450,11850,11600,13100,12650,2022,2
38,2022-02-23,11800,10750,10500,11800,11600,13100,12650,2022,2
39,2022-02-24,11800,10750,10500,11800,11600,13100,12650,2022,2
40,2022-02-25,11800,10750,10500,11800,11600,13100,12650,2022,2
41,2022-03-01,11800,10750,10500,11800,11600,13100,12650,2022,3
42,2022-03-02,11800,10750,10500,11800,11600,13100,12650,2022,3
43,2022-03-04,11800,10750,10450,11850,11600,13100,12650,2022,3
44,2022-03-07,11800,10750,10450,11800,11600,13100,12650,2022,3
45,2022-03-08,11800,10750,10450,11800,11600,13100,12650,2022,3
46,2022-03-09,11800,10750,10450,11800,11600,13100,12650,2022,3
47,2022-03-10,11800,10750,10450,11800,11600,13100,12650,2022,3
48,2022-03-11,11800,10750,10450,11800,11600,13100,12650,2022,3
49,2022-03-14,11800,10750,10450,11800,11600,13100,12650,2022,3
50,2022-03-15,11800,10750,10500,11800,11600,13100,12650,2022,3
51,2022-03-16,11800,10750,10450,11850,11600,13100,12650,2022,3
52,2022-03-17,11750,10750,10400,11850,11550,13150,12600,2022,3
53,2022-03-18,11800,10750,10500,11800,11600,13100,12650,2022,3
54,2022-03-21,11800,10750,10500,11800,11600,13100,12650,2022,3
55,2022-03-22,11800,10750,10500,11800,11600,13100,12650,2022,3
56,2022-03-23,11800,10750,10500,11800,11600,13100,12650,2022,3
57,2022-03-24,11800,10750,10450,11800,11600,13100,12650,2022,3
58,2022-03-25,11800,10750,10450,11800,11600,13100,12650,2022,3
59,2022-03-28,11800,10750,10450,11800,11600,13100,12650,2022,3
60,2022-03-29,11800,10750,10500,11800,11600,13100,12650,2022,3
61,2022-03-30,11800,10750,10500,11800,11600,13100,12650,2022,3
62,2022-03-31,11800,10750,10500,11800,11600,13100,12650,2022,3
63,2022-04-01,11800,10750,10500,11800,11600,13100,12650,2022,4
64,2022-04-04,11800,10750,10500,11800,11650,13100,12750,2022,4
65,2022-04-05,11800,10700,10450,11800,11600,13100,12650,2022,4
66,2022-04-06,11800,10700,10450,11800,11600,13100,12650,2022,4
67,2022-04-07,11800,10700,10450,11800,11600,13100,12650,2022,4
68,2022-04-08,11800,10700,10450,11800,11600,13100,12650,2022,4
69,2022-04-11,11800,10700,10450,11800,11600,13050,12650,2022,4
70,2022-04-12,11800,10700,10450,11800,11600,13100,12650,2022,4
71,2022-04-13,11800,10700,10450,11800,11600,13100,12650,2022,4
72,2022-04-14,11800,10700,10450,11800,11600,13100,12650,2022,4
73,2022-04-18,11850,10700,10450,11800,11600,13100,13000,2022,4
74,2022-04-19,11800,10700,10450,11800,11600,13100,12650,2022,4
75,2022-04-20,11800,10700,10450,11800,11600,13100,12650,2022,4
76,2022-04-21,11800,10700,10450,11800,11600,13100,12650,2022,4
77,2022-04-22,11800,10700,10450,11800,11600,13100,12650,2022,4
78,2022-04-25,11750,10700,10450,11800,11600,13100,12650,2022,4
79,2022-04-26,11750,10700,10450,11800,11550,13100,12650,2022,4
80,2022-04-27,11850,10700,10450,11800,11550,13100,13000,2022,4
81,2022-04-28,11850,10700,10450,11800,11600,13100,13000,2022,4
82,2022-04-29,13600,12750,12750,13750,13400,14500,14500,2022,4
83,2022-05-09,11750,10700,10400,11800,11550,13100,12650,2022,5
84,2022-05-10,11750,10700,10450,11800,11550,13100,12650,2022,5
85,2022-05-11,11750,10700,10450,11800,11550,13100,12650,2022,5
86,2022-05-12,11750,10700,10450,11800,11550,13100,12650,2022,5
87,2022-05-13,11750,10700,10450,11800,11550,13100,12650,2022,5
88,2022-05-17,11750,10700,10450,11800,11550,13100,12650,2022,5
89,2022-05-18,11750,10700,10450,11800,11550,13100,12650,2022,5
90,2022-05-19,11750,10700,10450,11800,11550,13050,12650,2022,5
91,2022-05-20,11750,10700,10450,11750,11550,13050,12650,2022,5
92,2022-05-23,11750,10700,10400,11750,11550,13100,12650,2022,5
93,2022-05-24,11750,10700,10400,11750,11550,13050,12650,2022,5
94,2022-05-25,11750,10700,10400,11800,11550,13100,12650,2022,5
95,2022-05-27,11750,10700,10400,11750,11550,13050,12650,2022,5
96,2022-05-30,11750,10700,10400,11750,11550,13050,12650,2022,5
97,2022-05-31,11750,10700,10400,11750,11550,13050,12650,2022,5
98,2022-06-02,11750,10700,10400,11750,11550,13050,12650,2022,6
99,2022-06-03,11750,10700,10400,11750,11550,13050,12650,2022,6
100,2022-06-06,11750,10700,10400,11750,11550,13050,12650,2022,6
101,2022-06-07,11750,10700,10400,11750,11550,13050,12650,2022,6
102,2022-06-08,11750,10700,10400,11750,11550,13050,12650,2022,6
103,2022-06-09,11750,10700,10400,11750,11550,13050,12650,2022,6
104,2022-06-10,11750,10700,10400,11750,11550,13050,12650,2022,6
105,2022-06-13,11750,10700,10400,11750,11550,13050,12650,2022,6
106,2022-06-14,11750,10700,10400,11750,11550,13050,12650,2022,6
107,2022-06-15,11750,10700,10400,11750,11550,13050,12650,2022,6
108,2022-06-16,11750,10700,10400,11750,11550,13050,12650,2022,6
109,2022-06-17,11750,10700,10400,11750,11550,13050,12650,2022,6
110,2022-06-20,11750,10700,10400,11750,11550,13050,12650,2022,6
111,2022-06-21,11750,10700,10350,11750,11550,13050,12650,2022,6
112,2022-06-22,11750,10700,10400,11750,11550,13050,12650,2022,6
113,2022-06-23,11750,10700,10400,11750,11550,13050,12650,2022,6
114,2022-06-24,11750,10700,10400,11750,11550,13050,12650,2022,6
115,2022-06-27,11750,10700,10400,11750,11550,13050,12650,2022,6
116,2022-06-28,11800,11050,10400,11800,11550,13050,12650,2022,6
117,2022-06-29,11750,10700,10400,11800,11550,13050,12650,2022,6
118,2022-06-30,11750,10700,10400,11750,11550,13050,12650,2022,6
119,2022-07-01,11750,10700,10400,11750,11550,13050,12650,2022,7
120,2022-07-04,11750,10700,10400,11750,11550,13050,12650,2022,7
121,2022-07-05,11750,10700,10400,11750,11550,13050,12650,2022,7
122,2022-07-06,11750,10700,10400,11750,11550,13050,12650,2022,7
123,2022-07-07,11750,10700,10400,11750,11550,13000,12650,2022,7
124,2022-07-08,11750,10700,10400,11750,11550,13050,12650,2022,7
125,2022-07-11,11750,10700,10400,11750,11550,13050,12650,2022,7
126,2022-07-12,11750,10750,10400,11800,11550,13050,12650,2022,7
127,2022-07-13,11750,10700,10400,11750,11550,13050,12650,2022,7
128,2022-07-14,11750,10700,10400,11750,11550,13050,12650,2022,7
129,2022-07-15,11750,10700,10400,11800,11550,13050,12650,2022,7
130,2022-07-18,11750,10700,10400,11750,11550,13050,12650,2022,7
131,2022-07-19,11750,10700,10400,11750,11550,13050,12650,2022,7
132,2022-07-20,11750,10700,10400,11750,11550,13000,12650,2022,7
133,2022-07-21,11750,10700,10400,11800,11550,13050,12650,2022,7
134,2022-07-22,11750,10700,10400,11800,11550,13050,12650,2022,7
135,2022-07-25,11750,10700,10400,11800,11550,13050,12650,2022,7
136,2022-07-26,11800,10700,10400,11800,11550,13100,12700,2022,7
137,2022-07-27,11750,10700,10400,11800,11550,13050,12650,2022,7
138,2022-07-28,11750,10700,10400,11800,11550,13050,12650,2022,7
139,2022-07-29,11800,10700,10450,11800,11600,13100,12650,2022,7
140,2022-08-01,11800,10700,10450,11800,11600,13100,12700,2022,8
141,2022-08-02,11800,10700,10450,11800,11600,13100,12700,2022,8
142,2022-08-03,11800,10700,10450,11800,11600,13100,12700,2022,8
143,2022-08-04,11800,10700,10450,11800,11600,13100,12700,2022,8
144,2022-08-05,11800,10700,10450,11800,11600,13100,12700,2022,8
145,2022-08-08,11800,10700,10450,11800,11600,13150,12700,2022,8
146,2022-08-09,11800,10700,10450,11800,11550,13100,12700,2022,8
147,2022-08-10,11800,10700,10450,11850,11600,13150,12700,2022,8
148,2022-08-11,11800,10750,10450,11850,11600,13150,12750,2022,8
149,2022-08-12,11850,10750,10450,11850,11650,13150,12750,2022,8
150,2022-08-15,11850,10750,10500,11900,11650,13150,12750,2022,8
151,2022-08-16,11850,10750,10500,11900,11650,13200,12750,2022,8
152,2022-08-18,11850,10750,10500,11900,11650,13200,12750,2022,8
153,2022-08-19,11850,10750,10500,11900,11650,13200,12750,2022,8
154,2022-08-22,11850,10800,10500,11900,11650,13200,12800,2022,8
155,2022-08-23,11900,10800,10550,11900,11700,13200,12750,2022,8
156,2022-08-24,11900,10800,10550,11900,11650,13200,12800,2022,8
157,2022-08-25,11900,10800,10550,11900,11700,13200,12800,2022,8
158,2022-08-26,11900,10800,10550,11950,11700,13200,12800,2022,8
159,2022-08-29,11900,10800,10500,11950,11750,13200,12800,2022,8
160,2022-08-30,11900,10850,10550,11950,11750,13200,12850,2022,8
161,2022-08-31,11950,10850,10550,11950,11750,13200,12850,2022,8
162,2022-09-01,11950,10850,10550,11950,11750,13200,12850,2022,9
163,2022-09-02,11950,10850,10600,11950,11800,13250,12850,2022,9
164,2022-09-05,11950,10850,10600,11950,11800,13250,12850,2022,9
165,2022-09-06,11950,10850,10550,11900,11750,13250,12850,2022,9
166,2022-09-07,11950,10900,10650,11950,11800,13250,12850,2022,9
167,2022-09-08,11950,10900,10600,12000,11800,13250,12900,2022,9
168,2022-09-09,12000,10900,10600,12000,11800,13250,12900,2022,9
169,2022-09-12,12000,10900,10650,12000,11800,13300,12900,2022,9
170,2022-09-13,12000,10900,10650,12000,11800,13300,12900,2022,9
171,2022-09-14,12050,10950,10700,12050,11900,13300,13000,2022,9
172,2022-09-15,12050,10950,10700,12050,11900,13300,12950,2022,9
173,2022-09-16,12050,10950,10700,12050,11900,13350,13000,2022,9
174,2022-09-19,12050,10950,10700,12050,11900,13350,13000,2022,9
175,2022-09-20,12050,10950,10650,12050,11850,13350,13000,2022,9
176,2022-09-21,12050,11000,10700,12100,11900,13350,13000,2022,9
177,2022-09-22,12100,11000,10700,12100,11950,13350,13000,2022,9
178,2022-09-23,12100,11000,10700,12100,11950,13350,13050,2022,9
179,2022-09-26,12100,11000,10700,12100,11950,13400,13050,2022,9
180,2022-09-27,12100,11000,10700,12100,11950,13350,13050,2022,9
181,2022-09-28,12100,11000,10750,12100,11950,13400,13050,2022,9
182,2022-09-29,12100,11000,10750,12100,11950,13400,13050,2022,9
183,2022-09-30,12100,11050,10750,12100,11950,13400,13050,2022,9
184,2022-10-03,12150,11050,10750,12150,11950,13450,13050,2022,10
185,2022-10-04,12150,11050,10750,12150,11950,13450,13100,2022,10
186,2022-10-05,12150,11050,10750,12150,11950,13450,13100,2022,10
187,2022-10-06,12150,11050,10750,12150,11950,13450,13100,2022,10
188,2022-10-07,12150,11050,10750,12150,12000,13450,13100,2022,10
189,2022-10-10,12150,11100,10750,12150,12000,13450,13100,2022,10
190,2022-10-11,12150,11100,10750,12150,12000,13450,13100,2022,10
191,2022-10-12,12150,11100,10750,12150,12000,13450,13100,2022,10
192,2022-10-13,12150,11100,10750,12150,12000,13450,13100,2022,10
193,2022-10-14,12150,11100,10750,12150,12000,13450,13100,2022,10
194,2022-10-17,12150,11100,10750,12150,12000,13450,13100,2022,10
195,2022-10-18,12150,11100,10750,12150,12000,13500,13100,2022,10
196,2022-10-19,12150,11100,10750,12150,12000,13500,13100,2022,10
197,2022-10-20,12150,11100,10750,12200,12000,13500,13100,2022,10
198,2022-10-21,12150,11100,10750,12200,12000,13500,13100,2022,10
199,2022-10-24,12200,11100,10750,12200,12000,13500,13100,2022,10
200,2022-10-25,12200,11100,10750,12200,12000,13500,13150,2022,10
201,2022-10-26,12200,11100,10750,12200,12000,13500,13150,2022,10
202,2022-10-27,12200,11100,10750,12200,12050,13500,13150,2022,10
203,2022-10-28,12200,11100,10750,12200,12050,13500,13150,2022,10
204,2022-10-31,12200,11100,10750,12250,12050,13500,13150,2022,10
205,2022-11-01,12200,11100,10750,12200,12050,13500,13150,2022,11
206,2022-11-02,12200,11100,10750,12200,12050,13500,13150,2022,11
207,2022-11-03,12200,11100,10750,12250,12050,13500,13150,2022,11
208,2022-11-04,12200,11100,10750,12250,12050,13500,13150,2022,11
209,2022-11-07,12200,11100,10750,12250,12050,13500,13150,2022,11
210,2022-11-08,12200,11100,10750,12250,12050,13500,13150,2022,11
211,2022-11-09,12200,11100,10750,12250,12050,13550,13200,2022,11
212,2022-11-10,12200,11150,10800,12250,12050,13500,13200,2022,11
213,2022-11-11,12200,11100,10750,12250,12050,13550,13200,2022,11
214,2022-11-14,12200,11150,10750,12250,12050,13550,13200,2022,11
215,2022-11-15,12200,11150,10800,12250,12050,13550,13200,2022,11
216,2022-11-16,12250,11150,10800,12250,12050,13550,13200,2022,11
217,2022-11-17,12250,11150,10800,12250,12100,13550,13200,2022,11
218,2022-11-18,12250,11150,10800,12300,12100,13550,13200,2022,11
219,2022-11-21,12250,11150,10850,12300,12100,13600,13250,2022,11
220,2022-11-22,12250,11150,10850,12300,12100,13600,13250,2022,11
221,2022-11-23,12250,11200,10850,12300,12100,13600,13250,2022,11
222,2022-11-24,12250,11200,10850,12300,12100,13600,13250,2022,11
223,2022-11-25,12300,11200,10850,12300,12100,13600,13250,2022,11
224,2022-11-28,12300,11200,10850,12300,12100,13600,13250,2022,11
225,2022-11-29,12300,11200,10900,12350,12150,13650,13300,2022,11
226,2022-11-30,12300,11200,10900,12350,12150,13650,13300,2022,11
227,2022-12-01,12300,11200,10900,12350,12150,13600,13300,2022,12
228,2022-12-02,12350,11200,10950,12350,12150,13650,13350,2022,12
229,2022-12-05,12400,11250,10950,12400,12200,13700,13350,2022,12
230,2022-12-06,12400,11300,11000,12400,12200,13750,13400,2022,12
231,2022-12-07,12450,11300,11000,12450,12250,13750,13450,2022,12
232,2022-12-08,12450,11300,11000,12450,12250,13800,13450,2022,12
233,2022-12-09,12450,11300,11000,12450,12300,13800,13450,2022,12
234,2022-12-12,12500,11350,11050,12500,12300,13800,13500,2022,12
235,2022-12-13,12500,11350,11100,12500,12300,13850,13500,2022,12
236,2022-12-14,12550,11400,11100,12550,12350,13850,13550,2022,12
237,2022-12-15,12550,11400,11100,12550,12350,13850,13500,2022,12
238,2022-12-16,12550,11400,11100,12550,12350,13900,13550,2022,12
239,2022-12-19,12550,11400,11100,12550,12350,13900,13550,2022,12
240,2022-12-20,12550,11400,11100,12550,12350,13900,13500,2022,12
241,2022-12-21,12550,11450,11100,12600,12400,13900,13550,2022,12
242,2022-12-22,12550,11450,11100,12550,12400,13900,13550,2022,12
243,2022-12-23,12600,11450,11150,12600,12400,13950,13550,2022,12
244,2022-12-26,12600,11450,11200,12600,12400,13950,13600,2022,12
245,2022-12-27,12600,11450,11150,12600,12400,13950,13600,2022,12
246,2022-12-28,12600,11450,11200,12600,12400,14000,13600,2022,12
247,2022-12-29,12600,11450,11200,12600,12400,14000,13600,2022,12
248,2022-12-30,12600,11500,11200,12600,12450,14000,13600,2022,12
249,2023-01-02,12650,11500,11200,12650,12450,14000,13650,2023,1
250,2023-01-03,12650,11500,11200,12650,12450,14000,13650,2023,1
251,2023-01-04,12650,11500,11200,12650,12450,14000,13600,2023,1
252,2023-01-05,12650,11500,11250,12650,12500,14000,13650,2023,1
253,2023-01-06,12700,11500,11250,12650,12500,14050,13650,2023,1
254,2023-01-09,12700,11550,11300,12700,12500,14050,13650,2023,1
255,2023-01-10,12700,11550,11250,12750,12550,14100,13700,2023,1
256,2023-01-11,12750,11600,11300,12750,12600,14100,13700,2023,1
257,2023-01-12,12750,11600,11300,12750,12600,14100,13700,2023,1
258,2023-01-13,12750,11600,11300,12750,12600,14100,13700,2023,1
259,2023-01-16,12750,11600,11350,12800,12650,14100,13750,2023,1
260,2023-01-17,12800,11600,11350,12800,12650,14150,13750,2023,1
261,2023-01-18,12800,11650,11400,12800,12650,14150,13750,2023,1
262,2023-01-19,12800,11650,11350,12800,12650,14100,13750,2023,1
263,2023-01-20,12800,11650,11400,12850,12650,14150,13750,2023,1
264,2023-01-23,12850,11750,11350,12950,12650,14250,13800,2023,1
265,2023-01-24,12850,11700,11400,12850,12700,14150,13750,2023,1
266,2023-01-25,12850,11700,11400,12900,12700,14200,13750,2023,1
267,2023-01-26,12850,11700,11400,12900,12700,14200,13800,2023,1
268,2023-01-27,12850,11700,11400,12900,12700,14200,13800,2023,1
269,2023-01-30,12900,11750,11450,12900,12750,14250,13800,2023,1
270,2023-01-31,12900,11750,11450,12900,12750,14250,13850,2023,1
271,2023-02-01,12900,11800,11500,12950,12800,14250,13850,2023,2
272,2023-02-02,12950,11800,11500,12950,12800,14250,13850,2023,2
273,2023-02-03,12950,11800,11500,12950,12800,14250,13850,2023,2
274,2023-02-06,13000,11850,11550,13000,12850,14350,13900,2023,2
275,2023-02-07,13000,11850,11550,13000,12850,14350,13900,2023,2
276,2023-02-08,13050,11850,11550,13050,12900,14350,13950,2023,2
277,2023-02-09,13050,11850,11550,13050,12900,14400,13950,2023,2
278,2023-02-10,13050,11900,11550,13050,12950,14400,14000,2023,2
279,2023-02-13,13100,11900,11600,13100,12950,14400,14000,2023,2
280,2023-02-14,13100,11950,11600,13100,12950,14450,14050,2023,2
281,2023-02-15,13100,11950,11600,13100,13000,14500,14050,2023,2
282,2023-02-16,13100,11950,11600,13150,12950,14500,14100,2023,2
283,2023-02-17,13150,11950,11650,13150,13000,14500,14100,2023,2
284,2023-02-20,13200,12000,11650,13200,13050,14600,14100,2023,2
285,2023-02-21,13200,12000,11650,13250,13050,14600,14100,2023,2
286,2023-02-22,13200,12050,11650,13250,13050,14600,14100,2023,2
287,2023-02-23,13200,12050,11650,13250,13050,14600,14100,2023,2
288,2023-02-24,13250,12050,11700,13250,13050,14650,14100,2023,2
289,2023-02-27,13200,12050,11700,13200,13050,14600,14050,2023,2
290,2023-02-28,13200,12050,11700,13200,13050,14600,14100,2023,2
291,2023-03-01,13200,12050,11700,13200,13050,14600,14100,2023,3
292,2023-03-02,13200,12050,11650,13200,13050,14600,14100,2023,3
293,2023-03-03,13200,12000,11650,13200,13050,14600,14100,2023,3
294,2023-03-06,13200,12050,11650,13200,13050,14600,14100,2023,3
295,2023-03-07,13200,12050,11650,13200,13050,14600,14100,2023,3
296,2023-03-08,13250,12100,11650,13200,13050,14650,14100,2023,3
297,2023-03-09,13250,12100,11700,13200,13050,14650,14100,2023,3
298,2023-03-10,13250,12100,11700,13200,13050,14650,14100,2023,3
299,2023-03-13,13250,12150,11700,13200,13100,14650,14100,2023,3
300,2023-03-14,13300,12100,11750,13250,13100,14700,14150,2023,3
301,2023-03-15,13300,12100,11750,13250,13100,14700,14150,2023,3
302,2023-03-16,13300,12100,11750,13300,13150,14700,14150,2023,3
303,2023-03-17,13300,12100,11750,13300,13150,14700,14200,2023,3
304,2023-03-20,13350,12100,11750,13350,13200,14700,14200,2023,3
305,2023-03-21,13350,12150,11750,13350,13150,14750,14200,2023,3
306,2023-03-22,13200,12000,11700,13300,13300,14400,13850,2023,3
307,2023-03-23,13300,12100,11800,13350,13300,14500,13900,2023,3
308,2023-03-24,13350,12150,11800,13350,13200,14750,14250,2023,3
309,2023-03-27,13400,12200,11800,13400,13200,14750,14250,2023,3
310,2023-03-28,13400,12200,11800,13400,13200,14800,14250,2023,3
311,2023-03-29,13400,12200,11850,13400,13200,14800,14250,2023,3
312,2023-03-30,13400,12250,11850,13450,13250,14800,14250,2023,3
313,2023-03-31,13400,12200,11850,13450,13200,14800,14250,2023,3
314,2023-04-03,13400,12200,11850,13450,13200,14800,14250,2023,4
315,2023-04-04,13400,12200,11850,13450,13200,14800,14250,2023,4
316,2023-04-05,13400,12250,11850,13450,13200,14800,14250,2023,4
317,2023-04-06,13400,12250,11850,13450,13200,14800,14250,2023,4
318,2023-04-07,13250,12050,11650,13400,13250,14450,13850,2023,4
319,2023-04-10,13400,12200,11850,13450,13250,14800,14250,2023,4
320,2023-04-11,13400,12200,11850,13450,13200,14800,14250,2023,4
321,2023-04-12,13450,12200,11850,13600,13250,14800,14250,2023,4
322,2023-04-13,13400,12200,11850,13450,13250,14800,14250,2023,4
323,2023-04-14,13400,12250,11850,13450,13250,14800,14250,2023,4
324,2023-04-17,13400,12200,11900,13400,13200,14800,14250,2023,4
325,2023-04-18,13400,12200,11950,13450,13200,14800,14250,2023,4
326,2023-04-19,13150,11750,12050,13150,13400,14100,13750,2023,4
327,2023-04-20,13500,12300,11900,13500,13450,15000,14400,2023,4
328,2023-04-21,13450,12200,11800,13450,13300,15000,14300,2023,4
329,2023-04-24,13450,12200,11750,13450,13300,15000,14300,2023,4
330,2023-04-25,13450,12200,11750,13450,13300,15000,14300,2023,4
331,2023-04-26,13450,12300,11950,13500,13250,14850,14250,2023,4
332,2023-04-27,13400,12250,11900,13450,13250,14800,14250,2023,4
333,2023-04-28,13400,12250,11950,13500,13250,14800,14250,2023,4
334,2023-05-01,12500,11550,11500,12450,12150,13650,13100,2023,5
335,2023-05-02,13400,12250,11900,13500,13200,14800,14250,2023,5
336,2023-05-03,13400,12250,11950,13500,13200,14800,14250,2023,5
337,2023-05-04,13400,12250,11950,13500,13200,14800,14250,2023,5
338,2023-05-05,13400,12250,11950,13500,13250,14800,14300,2023,5
339,2023-05-08,13400,12250,11950,13500,13200,14800,14250,2023,5
340,2023-05-09,13400,12250,11950,13500,13200,14800,14300,2023,5
341,2023-05-10,13400,12200,11900,13450,13200,14750,14250,2023,5
342,2023-05-11,13450,12250,11950,13500,13250,14800,14300,2023,5
343,2023-05-12,13450,12250,11950,13500,13250,14800,14300,2023,5
344,2023-05-15,13450,12300,12000,13500,13250,14800,14300,2023,5
345,2023-05-16,13450,12300,12000,13500,13250,14800,14300,2023,5
346,2023-05-17,13450,12300,12000,13500,13250,14800,14300,2023,5
347,2023-05-18,13450,12400,12100,13500,13200,14750,14250,2023,5
348,2023-05-19,13450,12300,12000,13500,13250,14800,14300,2023,5
349,2023-05-22,13450,12350,12050,13500,13250,14800,14300,2023,5
350,2023-05-23,13450,12350,12050,13500,13250,14800,14300,2023,5
351,2023-05-24,13450,12400,12050,13550,13250,14800,14300,2023,5
352,2023-05-25,13500,12400,12050,13500,13250,14850,14300,2023,5
353,2023-05-26,13500,12400,12050,13550,13300,14850,14300,2023,5
354,2023-05-29,13500,12400,12050,13550,13300,14850,14300,2023,5
